source_id,file_name,relative_path,file_extension,file_size,checksum_sha256,filesystem_mtime,document_type,title,document_internal_id,document_version,effective_version,document_status,subsystem,security_level,external_model_allowed,parse_status,notes
SRC-9E3D43D729,20240306-智加X100初样方案讨论会议纪要.docx,00_会议纪要/20240306-智加X100初样方案讨论会议纪要.docx,.docx,14393,e562e653af891b35ca22ff9df6dcefebde2aa1d5bdcc0f18c0123f27eb84d630,2024-03-07T09:18:42,UNKNOWN,UNKNOWN,UNKNOWN,UNKNOWN,UNKNOWN,UNKNOWN,UNKNOWN,内部可用,YES,DONE,
SRC-EAEED029C3,20240307-智加X100初样方案讨论会议纪要.docx,00_会议纪要/20240307-智加X100初样方案讨论会议纪要.docx,.docx,15354,036b6826dcd52e5a778ab485fb97598915febbdfd428e2537cc0bb0f07a4f95f,2024-03-07T11:18:38,UNKNOWN,UNKNOWN,UNKNOWN,UNKNOWN,UNKNOWN,UNKNOWN,UNKNOWN,内部可用,YES,DONE,
SRC-921A42544A,2025-05-19-3D打印星后续计划沟通纪要.pdf,00_会议纪要/2025-05-19-3D打印星后续计划沟通纪要.pdf,.pdf,138560,d72a35eebca4583537f3619eeb01be1c4624b4a377e081e8b1c7ed42ee95f526,2025-06-05T11:29:28,UNKNOWN,UNKNOWN,UNKNOWN,UNKNOWN,UNKNOWN,UNKNOWN,UNKNOWN,内部可用,YES,DONE,
SRC-D594B5BE1F,2025-06-13-3D打印星工作沟通纪要.pdf,00_会议纪要/2025-06-13-3D打印星工作沟通纪要.pdf,.pdf,112561,51e44010585c9e87ba274ee727bd46d614b2146711ae2bd9b98c3d037c4fdf28,2025-06-13T12:01:14,UNKNOWN,UNKNOWN,UNKNOWN,UNKNOWN,UNKNOWN,UNKNOWN,UNKNOWN,内部可用,YES,DONE,
SRC-19DD9BCD6A,2025-08-12_3D打印星智加X100载荷处理方式沟通纪要-签署.pdf,00_会议纪要/2025-08-12_3D打印星智加X100载荷处理方式沟通纪要-签署.pdf,.pdf,1094521,86defe6571c9e20aa3f97798051d3a47251d95833cf0a2ab8662e70296bd843d,2025-08-14T21:24:26,UNKNOWN,UNKNOWN,UNKNOWN,UNKNOWN,UNKNOWN,UNKNOWN,UNKNOWN,内部可用,YES,DONE,
SRC-0096C63AF0,2025-08-12_3D打印星智加X100载荷处理方式沟通纪要.docx,00_会议纪要/2025-08-12_3D打印星智加X100载荷处理方式沟通纪要.docx,.docx,25082,e43369a8af11cfe603dd061e1796eb4ebbad93fc18df7ec24f813d58c1f7ecf1,2025-08-12T15:08:10,UNKNOWN,UNKNOWN,UNKNOWN,UNKNOWN,UNKNOWN,UNKNOWN,UNKNOWN,内部可用,YES,DONE,
SRC-EED9A79B06,3D打印卫星每周工作进展-2025.6.20.pdf,00_会议纪要/3D打印卫星每周工作进展-2025.6.20.pdf,.pdf,136326,074970cae91283ccc436ccb94a22727e8766fd40aed6344fa26d57036972c282,2025-06-25T17:26:26,UNKNOWN,UNKNOWN,UNKNOWN,UNKNOWN,UNKNOWN,UNKNOWN,UNKNOWN,内部可用,YES,DONE,
SRC-E150838109,SCS-01-20240712_3D打印卫星搭载计算载荷讨论纪要-李超.pdf,00_会议纪要/SCS-01-20240712_3D打印卫星搭载计算载荷讨论纪要-李超.pdf,.pdf,217063,73ce9ffd6a57e069a86436706c9fa6f959b5f8afe443676862cf6d492a296483,2024-07-12T17:14:20,UNKNOWN,UNKNOWN,UNKNOWN,UNKNOWN,UNKNOWN,UNKNOWN,UNKNOWN,内部可用,YES,DONE,
SRC-BDE67F4401,SCS-01-20240719-3D打印卫星搭载事项讨纪要论-颜迪颖.pdf,00_会议纪要/SCS-01-20240719-3D打印卫星搭载事项讨纪要论-颜迪颖.pdf,.pdf,161296,a8d2635f2910eb626293a2cf65523ccb6c4ad211a2f32ffd82f53a72c46d1294,2024-07-24T13:35:36,UNKNOWN,UNKNOWN,UNKNOWN,UNKNOWN,UNKNOWN,UNKNOWN,UNKNOWN,内部可用,YES,DONE,
SRC-D5AAB29DC7,之江智加X100载荷沟通纪要-0722.docx,00_会议纪要/之江智加X100载荷沟通纪要-0722.docx,.docx,14738,769cdf80893f67795b4fd233c3d89c72ad9113a1924bee2ae47d941069bebc10,2025-07-22T15:13:10,UNKNOWN,UNKNOWN,UNKNOWN,UNKNOWN,UNKNOWN,UNKNOWN,UNKNOWN,内部可用,YES,DONE,
SRC-50FA015FB7,01_3D打印卫星_智加X100计算模块交付清单_20250124.xlsx,01_3D打印卫星_智加X100计算模块交付清单_20250124.xlsx,.xlsx,8858,7864ae46a15fb4ed4d05b692a5cfbb89b24908c0b45cccc3f20237b239e42f3f,2025-06-25T17:26:48,UNKNOWN,UNKNOWN,UNKNOWN,UNKNOWN,UNKNOWN,UNKNOWN,UNKNOWN,内部可用,YES,DONE,
SRC-F8E406DD21,3D打印卫星计算载荷-智加X100计算模块 IDS表_20240924_签署.docx,02-3D打印卫星计算载荷-智加X100计算模块配套电源模块 IDS表/3D打印卫星计算载荷-智加X100计算模块 IDS表_20240924_签署.docx,.docx,1780171,d2c7f0e39884934b8c6c1449887397b9f83c04e7705304c64f14b8ed8ac0458e,2025-01-21T11:05:38,UNKNOWN,UNKNOWN,UNKNOWN,UNKNOWN,UNKNOWN,UNKNOWN,UNKNOWN,内部可用,YES,DONE,
SRC-D24F1ADE39,3D打印卫星计算载荷-智加X100计算模块配套电源模块 IDS表_20240924_签署.docx,02-3D打印卫星计算载荷-智加X100计算模块配套电源模块 IDS表/3D打印卫星计算载荷-智加X100计算模块配套电源模块 IDS表_20240924_签署.docx,.docx,1429097,466ade9660750b8474f94499e208f207294a919e794f387a2c857382331156ee,2025-01-21T11:05:40,UNKNOWN,UNKNOWN,UNKNOWN,UNKNOWN,UNKNOWN,UNKNOWN,UNKNOWN,内部可用,YES,DONE,
SRC-F0D610E0D6,20240305-Z0_智加X100星载计算机初样_总体设计方案_20240305.docx,04_整体设计方案/20240305-Z0_智加X100星载计算机初样_总体设计方案_20240305.docx,.docx,515665,8069497b056d23dbff7a458500f4dc8bb3ff49a8e48b286e1ac49793b53cee1d,2024-03-07T10:52:02,UNKNOWN,UNKNOWN,UNKNOWN,UNKNOWN,UNKNOWN,UNKNOWN,UNKNOWN,内部可用,YES,DONE,
SRC-C78D5D505F,20250821轻舟天际卫星老练测试细则-智算载荷测试报告生成模板V1.1.docx,20250821轻舟天际卫星老练测试细则-智算载荷测试报告生成模板V1.1.docx,.docx,193149,b1412f6bfe0850b6b2da7deb3ba0e55fc664ea9c124407e25744f6e52869f4ae,2025-08-28T22:48:56,UNKNOWN,UNKNOWN,UNKNOWN,UNKNOWN,UNKNOWN,UNKNOWN,UNKNOWN,内部可用,YES,DONE,
SRC-B0DA913F5C,3D打印_软件版本控制.xlsx,3D打印_软件版本控制.xlsx,.xlsx,11521,62f0bb472da4cdc0690034e8250d43a32cdd00b4deb778b98f1ba8f6962a11e7,2025-06-25T17:26:26,UNKNOWN,UNKNOWN,UNKNOWN,UNKNOWN,UNKNOWN,UNKNOWN,UNKNOWN,内部可用,YES,DONE,
SRC-6ED2CE6761,3D打印星0813测试与问题记录.docx,3D打印星0813测试与问题记录.docx,.docx,102711198,7f4cc23eb24312cab9d360c6675b70541f99645e508b29b8191b47322187f37c,2025-08-14T21:24:34,UNKNOWN,UNKNOWN,UNKNOWN,UNKNOWN,UNKNOWN,UNKNOWN,UNKNOWN,内部可用,YES,DONE,
SRC-EEA171CEC6,3D打印星上海国星联调.docx,3D打印星上海国星联调.docx,.docx,5444653,7f4c294af93038ba57a82311e11b114b89cfade4bbc740fe3ca2c75490960b95,2025-06-25T17:26:30,UNKNOWN,UNKNOWN,UNKNOWN,UNKNOWN,UNKNOWN,UNKNOWN,UNKNOWN,内部可用,YES,DONE,
SRC-2E5B6B174F,3D打印星上海国星联调测试报告.docx,3D打印星上海国星联调测试报告.docx,.docx,19881849,6f12ed2109884a4ab587cc9ea9a80ad1318f2594caa0caabdcadfd1b01dd77dc,2025-06-24T17:22:26,UNKNOWN,UNKNOWN,UNKNOWN,UNKNOWN,UNKNOWN,UNKNOWN,UNKNOWN,内部可用,YES,DONE,
SRC-4B56016310,3D打印星上海国星联调记录20250612.docx,3D打印星上海国星联调记录20250612.docx,.docx,20614134,07aa6ecf97efaf06a0b080359d17bcc1b710d894bdf05525d9854912eb1867cf,2025-06-25T17:26:30,UNKNOWN,UNKNOWN,UNKNOWN,UNKNOWN,UNKNOWN,UNKNOWN,UNKNOWN,内部可用,YES,DONE,
SRC-5805E0A427,3D打印星电测表.docx,3D打印星电测表.docx,.docx,46988,281d56665f029b963619c4c2e2e4e348b843aad5572f5a40378cf8d9126b53b0,2025-06-25T17:26:26,UNKNOWN,UNKNOWN,UNKNOWN,UNKNOWN,UNKNOWN,UNKNOWN,UNKNOWN,内部可用,YES,DONE,
SRC-1AC83D5C4A,3D打印星软件需求规格——简版.docx,3D打印星软件需求规格——简版.docx,.docx,24573,4818c553d7d1b8bf7bd897ee4b600ea55abb35635d3ad5713fdb83d5b59d62a0,2025-06-25T17:26:30,UNKNOWN,UNKNOWN,UNKNOWN,UNKNOWN,UNKNOWN,UNKNOWN,UNKNOWN,内部可用,YES,DONE,
SRC-3956F61513,3D打印星遥控遥测汇总表.xlsx,3D打印星遥控遥测汇总表.xlsx,.xlsx,27421,7384cbcf0e0f614b927168637d62e09420020347eea48700f38abb0290834f47,2025-06-25T17:26:26,UNKNOWN,UNKNOWN,UNKNOWN,UNKNOWN,UNKNOWN,UNKNOWN,UNKNOWN,内部可用,YES,DONE,
SRC-4B38DF8E3D,3D打印程控技术-智加X100载荷0617.docx,3D打印程控技术-智加X100载荷0617.docx,.docx,30470,1333c3fda201206c97893033316856a5c4d837e9e77a6f0bee71b6b2cf842b44,2025-06-18T13:50:14,UNKNOWN,UNKNOWN,UNKNOWN,UNKNOWN,UNKNOWN,UNKNOWN,UNKNOWN,内部可用,YES,DONE,
SRC-1BEFD7C385,1_智加X100电源模块单机(硬件)验收测试细则.docx,3d打印 归档/1_智加X100电源模块单机(硬件)验收测试细则.docx,.docx,950927,a02e09be0ec63a6b381a3202d0a97f9f842590893374c97ed16f14cca3c48821,2025-06-20T09:25:46,UNKNOWN,UNKNOWN,UNKNOWN,UNKNOWN,UNKNOWN,UNKNOWN,UNKNOWN,内部可用,YES,DONE,
SRC-2F45A4B1F5,2_智加X100电源模块_产品证明书(功能性能版).docx,3d打印 归档/2_智加X100电源模块_产品证明书(功能性能版).docx,.docx,21921,609f20c8b3a4a1fa331f6670962d416e3000960cb874cffff6187fdadaab4e16,2025-06-19T10:48:04,UNKNOWN,UNKNOWN,UNKNOWN,UNKNOWN,UNKNOWN,UNKNOWN,UNKNOWN,内部可用,YES,DONE,
SRC-E813A4B35A,2_智加X100计算模块_产品证明书(功能性能版)_Z0102.docx,3d打印 归档/2_智加X100计算模块_产品证明书(功能性能版)_Z0102.docx,.docx,285067,66f92eb4b2466a0c847000c64ead2cac850a213a4e78320cfc7c50f01e3a0c33,2025-06-12T17:49:16,UNKNOWN,UNKNOWN,UNKNOWN,UNKNOWN,UNKNOWN,UNKNOWN,UNKNOWN,内部可用,YES,DONE,
SRC-3D1529E6C0,3_智加X100电源模块_产品履历书.doc,3d打印 归档/3_智加X100电源模块_产品履历书.doc,.doc,199168,f6838c6d9b04a9afb3305312da1c1c505291bc2c3c6953c59ca32cead0867c14,2025-06-19T17:00:12,UNKNOWN,UNKNOWN,UNKNOWN,UNKNOWN,UNKNOWN,UNKNOWN,UNKNOWN,内部可用,YES,DONE,
SRC-81483943EB,3_智加X100计算模块_产品履历书.doc,3d打印 归档/3_智加X100计算模块_产品履历书.doc,.doc,352768,50496f07c48f5feb6d5a54599ee11b24afe7141ba611e3b20cca4f0739c11c9d,2025-06-12T18:07:54,UNKNOWN,UNKNOWN,UNKNOWN,UNKNOWN,UNKNOWN,UNKNOWN,UNKNOWN,内部可用,YES,DONE,
SRC-84A9B663A2,4_3D星载荷结构热方案设计报告-汇总.docx,3d打印 归档/4_3D星载荷结构热方案设计报告-汇总.docx,.docx,3845290,5aad13d5c21ce92c29351014237356088ed6f83bd619d9ceb4cb49ef4165dac4,2025-06-19T10:30:22,UNKNOWN,UNKNOWN,UNKNOWN,UNKNOWN,UNKNOWN,UNKNOWN,UNKNOWN,内部可用,YES,DONE,
SRC-4C11C78870,4_智加X100电源模块单机_方案设计报告_20250619.docx,3d打印 归档/4_智加X100电源模块单机_方案设计报告_20250619.docx,.docx,847060,a8a4e10c80cf4e3e0cf1ee51ae26ce5e1b19a90452b4070f246e653ec3d90fe6,2025-06-20T09:26:34,UNKNOWN,UNKNOWN,UNKNOWN,UNKNOWN,UNKNOWN,UNKNOWN,UNKNOWN,内部可用,YES,DONE,
SRC-DF6320D1A3,5_智加X100电源模块单机研制与质量总结报告_20250619.docx,3d打印 归档/5_智加X100电源模块单机研制与质量总结报告_20250619.docx,.docx,8564879,2ce82eaa8950cfb3ab2a5cb4a38619cb9b2e7496440513155b4e3c2e0a43e344,2025-06-20T08:37:56,UNKNOWN,UNKNOWN,UNKNOWN,UNKNOWN,UNKNOWN,UNKNOWN,UNKNOWN,内部可用,YES,DONE,
SRC-F3D4CB6984,6_3D打印星软件配置项测试记录20250609.docx,3d打印 归档/6_3D打印星软件配置项测试记录20250609.docx,.docx,587011,6a86de4b3a023bc91a14b8697333b8da71daad34fc0277e7c9a9c56d1098a532,2025-06-16T16:16:42,UNKNOWN,UNKNOWN,UNKNOWN,UNKNOWN,UNKNOWN,UNKNOWN,UNKNOWN,内部可用,YES,DONE,
SRC-A75C9AEDB0,6_可靠性测试记录表1.docx,3d打印 归档/6_可靠性测试记录表1.docx,.docx,23571611,db0520facd7d5ec843c6d77fb9e9ec0036d091d97c81ed13c8df3b4b1c86e38c,2025-06-18T09:42:32,UNKNOWN,UNKNOWN,UNKNOWN,UNKNOWN,UNKNOWN,UNKNOWN,UNKNOWN,内部可用,YES,DONE,
SRC-CE7695FE95,6_智加X100计算模块_验收级环境试验大纲_20250120_终稿.docx,3d打印 归档/6_智加X100计算模块_验收级环境试验大纲_20250120_终稿.docx,.docx,1216164,faa63c2ca8a08aec97c9d280d295a771239a2f8d5d4276a2255723ba5ab30e34,2025-06-20T09:27:04,UNKNOWN,UNKNOWN,UNKNOWN,UNKNOWN,UNKNOWN,UNKNOWN,UNKNOWN,内部可用,YES,DONE,
SRC-23505E8C09,6_智加X100计算模块_验收级环境试验报告_终稿.docx,3d打印 归档/6_智加X100计算模块_验收级环境试验报告_终稿.docx,.docx,26517658,a99a20c9895d35c0ae337eb5d0980515af01e453af3d79bc3b53c9e96e7c6529,2025-06-16T16:04:42,UNKNOWN,UNKNOWN,UNKNOWN,UNKNOWN,UNKNOWN,UNKNOWN,UNKNOWN,内部可用,YES,DONE,
SRC-F0476730C9,7_智加X100（硬件）验收测试记录表.pdf,3d打印 归档/7_智加X100（硬件）验收测试记录表.pdf,.pdf,1903571,76daf8096c03b9c6f236bb64988834a0486cc52907f9bced8949ebc1ce8f9563,2025-06-18T11:20:22,UNKNOWN,UNKNOWN,UNKNOWN,UNKNOWN,UNKNOWN,UNKNOWN,UNKNOWN,内部可用,YES,DONE,
SRC-2AC203A529,8_智加X100电源模块产品说明书V1.0.docx,3d打印 归档/8_智加X100电源模块产品说明书V1.0.docx,.docx,1028454,fb39181c67d9886986fd760dd049f016112f231c4af002bb467e0e0fa5a6ba8f,2025-06-20T09:24:12,UNKNOWN,UNKNOWN,UNKNOWN,UNKNOWN,UNKNOWN,UNKNOWN,UNKNOWN,内部可用,YES,DONE,
SRC-117228955F,8_智加X100计算模块技术说明书V1.0.docx,3d打印 归档/8_智加X100计算模块技术说明书V1.0.docx,.docx,1158479,a382877fa29ab546edeb5e8730abf8b97eb7bff9b11207aecaa21264386dd9a8,2025-06-13T15:21:10,UNKNOWN,UNKNOWN,UNKNOWN,UNKNOWN,UNKNOWN,UNKNOWN,UNKNOWN,内部可用,YES,DONE,
SRC-321374652A,X100计算模块正样件研制与质量总结报告_20250221.docx,3d打印 归档/X100计算模块正样件研制与质量总结报告_20250221.docx,.docx,6619239,a129a56cfba1dc5a3d1fbf0e15e1bf66e7e305610adcca0c20b8bb397aa34ea4,2025-06-18T19:03:18,UNKNOWN,UNKNOWN,UNKNOWN,UNKNOWN,UNKNOWN,UNKNOWN,UNKNOWN,内部可用,YES,DONE,
SRC-BD01B55A21,Z1_智加X100星载计算机初样_方案设计报告_20250613.docx,3d打印 归档/Z1_智加X100星载计算机初样_方案设计报告_20250613.docx,.docx,6038470,c8355cd4c124a4b9b8eddf3ec59d3149955d2448b34e3b695cd57c327d1f8cf9,2025-06-18T14:28:20,UNKNOWN,UNKNOWN,UNKNOWN,UNKNOWN,UNKNOWN,UNKNOWN,UNKNOWN,内部可用,YES,DONE,
SRC-23F621EB9A,2_智加X100计算模块_产品证明书(功能性能版)_Z0102.docx.pdf,3d打印 归档/智加X100模块交付文件盖章/2_智加X100计算模块_产品证明书(功能性能版)_Z0102.docx.pdf,.pdf,411158,3540660a9e2c6e10a2f164751eb7e1771b46991235b45e4185a5025334e3c99c,2025-06-17T16:06:58,UNKNOWN,UNKNOWN,UNKNOWN,UNKNOWN,UNKNOWN,UNKNOWN,UNKNOWN,内部可用,YES,DONE,
SRC-33A95533F0,3_智加X100计算模块_产品履历书.doc.pdf,3d打印 归档/智加X100模块交付文件盖章/3_智加X100计算模块_产品履历书.doc.pdf,.pdf,463716,2f4c91cbb8e7e3fcf17dcd1cd241baf3267b822ff90860f1110779d9622b735e,2025-06-17T16:06:58,UNKNOWN,UNKNOWN,UNKNOWN,UNKNOWN,UNKNOWN,UNKNOWN,UNKNOWN,内部可用,YES,DONE,
SRC-001E209308,6_3D打印星软件配置项测试记录20250609.docx.pdf,3d打印 归档/智加X100模块交付文件盖章/6_3D打印星软件配置项测试记录20250609.docx.pdf,.pdf,949259,f9625505fe9d1b60ec34e9b5667f452bdebf7f23d9fe4b0b94c0f7c723831a17,2025-06-17T16:06:58,UNKNOWN,UNKNOWN,UNKNOWN,UNKNOWN,UNKNOWN,UNKNOWN,UNKNOWN,内部可用,YES,DONE,
SRC-C8BBD25154,6_智加X100计算模块_验收级环境试验报告_终稿.docx.pdf,3d打印 归档/智加X100模块交付文件盖章/6_智加X100计算模块_验收级环境试验报告_终稿.docx.pdf,.pdf,3273778,8e7ddbfc468d7b391376f22aa85c60a571372766d20bdd032629438a202bbcc3,2025-06-17T16:07:00,UNKNOWN,UNKNOWN,UNKNOWN,UNKNOWN,UNKNOWN,UNKNOWN,UNKNOWN,内部可用,YES,DONE,
SRC-0DF11E7A29,8_智加X100计算模块技术说明书V1.0.docx.pdf,3d打印 归档/智加X100模块交付文件盖章/8_智加X100计算模块技术说明书V1.0.docx.pdf,.pdf,1644846,92e11b4a268ea25382b4681366d35a5ff519effe385f6fbe112c8d5909dcc1ed,2025-06-17T16:07:02,UNKNOWN,UNKNOWN,UNKNOWN,UNKNOWN,UNKNOWN,UNKNOWN,UNKNOWN,内部可用,YES,DONE,
SRC-F2B28589E7,X100计算模块正样件研制与质量总结报告_20250221.docx.pdf,3d打印 归档/智加X100模块交付文件盖章/X100计算模块正样件研制与质量总结报告_20250221.docx.pdf,.pdf,1796658,4bab6c6a0579e95f85e0064aa9a5d268922507e8289bd1701213697fdc968c81,2025-06-20T09:37:26,UNKNOWN,UNKNOWN,UNKNOWN,UNKNOWN,UNKNOWN,UNKNOWN,UNKNOWN,内部可用,YES,DONE,
SRC-BD5FE3975C,Z1_智加X100星载计算机初样_方案设计报告_20250613.docx.pdf,3d打印 归档/智加X100模块交付文件盖章/Z1_智加X100星载计算机初样_方案设计报告_20250613.docx.pdf,.pdf,3783589,f6b9e82435980271ed6ebeaf2b85ac2d0b0b560bac4f383497e1c4fc832c6c56,2025-06-20T09:37:24,UNKNOWN,UNKNOWN,UNKNOWN,UNKNOWN,UNKNOWN,UNKNOWN,UNKNOWN,内部可用,YES,DONE,
SRC-867DDF1E3F,智加X100计算模块单机验收测试细则_20250120_终稿.docx.pdf,3d打印 归档/智加X100模块交付文件盖章/智加X100计算模块单机验收测试细则_20250120_终稿.docx.pdf,.pdf,1009750,45802cdf95e5e20ef37aeceb6584dc6073623ad79c52057f4dacb3d9697ab1e9,2025-06-17T16:07:04,UNKNOWN,UNKNOWN,UNKNOWN,UNKNOWN,UNKNOWN,UNKNOWN,UNKNOWN,内部可用,YES,DONE,
SRC-86344263D9,1_智加X100电源模块单机(硬件)验收测试细则.docx.pdf,3d打印 归档/智加X100电源模块交付文件盖章/1_智加X100电源模块单机(硬件)验收测试细则.docx.pdf,.pdf,937668,a1708eb0175a57b89e8690a8f3f069e0f38ff3f2cab3d317fb2ec230db17c40c,2025-06-23T14:24:10,UNKNOWN,UNKNOWN,UNKNOWN,UNKNOWN,UNKNOWN,UNKNOWN,UNKNOWN,内部可用,YES,DONE,
SRC-1FD6BA03D2,2_智加X100电源模块_产品证明书(功能性能版).docx.pdf,3d打印 归档/智加X100电源模块交付文件盖章/2_智加X100电源模块_产品证明书(功能性能版).docx.pdf,.pdf,387815,02128bc36adaef619c7da16050d5121dbbebb25704509d33d224fd5bc47a82bf,2025-06-23T14:24:10,UNKNOWN,UNKNOWN,UNKNOWN,UNKNOWN,UNKNOWN,UNKNOWN,UNKNOWN,内部可用,YES,DONE,
SRC-345A207F3B,3_智加X100电源模块_产品履历书.doc.pdf,3d打印 归档/智加X100电源模块交付文件盖章/3_智加X100电源模块_产品履历书.doc.pdf,.pdf,378022,ef89f4b2b84a2a7b0e4c92444344ebe8e950e9f4981a7404561286cb49a4676e,2025-06-23T14:24:10,UNKNOWN,UNKNOWN,UNKNOWN,UNKNOWN,UNKNOWN,UNKNOWN,UNKNOWN,内部可用,YES,DONE,
SRC-30FD6FFB88,4_3D星载荷结构热方案设计报告-汇总.docx.pdf,3d打印 归档/智加X100电源模块交付文件盖章/4_3D星载荷结构热方案设计报告-汇总.docx.pdf,.pdf,2007416,95fbb6f3c8195e2a38b3c0925d1ab2a218442fb8d82d31683dc75e690b171573,2025-06-23T14:24:12,UNKNOWN,UNKNOWN,UNKNOWN,UNKNOWN,UNKNOWN,UNKNOWN,UNKNOWN,内部可用,YES,DONE,
SRC-28370F8489,4_智加X100电源模块单机_方案设计报告_20250619.docx.pdf,3d打印 归档/智加X100电源模块交付文件盖章/4_智加X100电源模块单机_方案设计报告_20250619.docx.pdf,.pdf,1128399,595fdf8dd31ad9d5cfcbb8fe30de0ac22616402cda26994c2b3854877f04daa9,2025-06-23T14:24:12,UNKNOWN,UNKNOWN,UNKNOWN,UNKNOWN,UNKNOWN,UNKNOWN,UNKNOWN,内部可用,YES,DONE,
SRC-062D987806,5_智加X100电源模块单机研制与质量总结报告_20250619.docx.pdf,3d打印 归档/智加X100电源模块交付文件盖章/5_智加X100电源模块单机研制与质量总结报告_20250619.docx.pdf,.pdf,1330900,535bec03e15ec1544027018e458d8e8c76f7086d41135c57fd5bf5a57a0f95c6,2025-06-23T14:24:12,UNKNOWN,UNKNOWN,UNKNOWN,UNKNOWN,UNKNOWN,UNKNOWN,UNKNOWN,内部可用,YES,DONE,
SRC-4E1FA31CEC,6_可靠性测试记录表1.docx.pdf,3d打印 归档/智加X100电源模块交付文件盖章/6_可靠性测试记录表1.docx.pdf,.pdf,282232,c4bf06ec36f105f3dfa6e4c7f8fc8e4d88e435525d35258064fde47825588551,2025-06-23T14:24:12,UNKNOWN,UNKNOWN,UNKNOWN,UNKNOWN,UNKNOWN,UNKNOWN,UNKNOWN,内部可用,YES,DONE,
SRC-179F2677C0,7_智加X100（硬件）验收测试记录表.pdf,3d打印 归档/智加X100电源模块交付文件盖章/7_智加X100（硬件）验收测试记录表.pdf,.pdf,2024243,c32a4ffd4f435a31136696eabeffafa6a1eae58065b7d15fba4ada762a85bd02,2025-06-23T14:24:12,UNKNOWN,UNKNOWN,UNKNOWN,UNKNOWN,UNKNOWN,UNKNOWN,UNKNOWN,内部可用,YES,DONE,
SRC-A602D33D06,8_智加X100电源模块产品说明书V1.0.docx.pdf,3d打印 归档/智加X100电源模块交付文件盖章/8_智加X100电源模块产品说明书V1.0.docx.pdf,.pdf,967288,16f6828fbc2236c920bf9dfc3017aee34448894ae127c7a623de7df3b8277c91,2025-06-23T14:24:14,UNKNOWN,UNKNOWN,UNKNOWN,UNKNOWN,UNKNOWN,UNKNOWN,UNKNOWN,内部可用,YES,DONE,
SRC-5FF8D8CECE,智加X100计算模块单机验收测试细则_20250120_终稿.docx,3d打印 归档/智加X100计算模块单机验收测试细则_20250120_终稿.docx,.docx,697403,91d945e23675611fdef053da05bff17256e82249b2b823509a7739d3d39fa256,2025-06-13T09:51:38,UNKNOWN,UNKNOWN,UNKNOWN,UNKNOWN,UNKNOWN,UNKNOWN,UNKNOWN,内部可用,YES,DONE,
SRC-025354550E,6_3D打印星软件配置项测试记录.docx,6_3D打印星软件配置项测试记录.docx,.docx,360255,e0f35807698d7dfcbb3f0695f28cb38bfa23ebdca8c92a1495f445524eacfa01,2025-06-25T17:26:28,UNKNOWN,UNKNOWN,UNKNOWN,UNKNOWN,UNKNOWN,UNKNOWN,UNKNOWN,内部可用,YES,DONE,
SRC-FDF0F0307B,6_3D打印星软件配置项测试记录20250114.docx,6_3D打印星软件配置项测试记录20250114.docx,.docx,492778,5a1e364c90e460852835c672af39ac0ee1d63e7f7a14c5751fabb9dcfd2c89ab,2025-06-25T17:26:28,UNKNOWN,UNKNOWN,UNKNOWN,UNKNOWN,UNKNOWN,UNKNOWN,UNKNOWN,内部可用,YES,DONE,
SRC-B2A892EE20,8.11提交-3D打印卫星老练测试细则——智算载荷.docx,8.11提交-3D打印卫星老练测试细则——智算载荷.docx,.docx,90830,0f37392670775ada6466af46223a901a00eebf8494a387db5e426d2745d8b3f4,2025-08-11T14:43:38,UNKNOWN,UNKNOWN,UNKNOWN,UNKNOWN,UNKNOWN,UNKNOWN,UNKNOWN,内部可用,YES,DONE,
SRC-4EC547E077,8.11提交-3D打印卫星老练测试细则—智加X100.docx,8.11提交-3D打印卫星老练测试细则—智加X100.docx,.docx,32772,c3bfbcd8cb2619f4234308c594c515bb2b4bb97eb471552558dd933186232f0a,2025-08-11T20:31:20,UNKNOWN,UNKNOWN,UNKNOWN,UNKNOWN,UNKNOWN,UNKNOWN,UNKNOWN,内部可用,YES,DONE,
SRC-EFAD8C948A,8.13提交-载荷研制总结.docx,8.13提交-载荷研制总结.docx,.docx,13082,7d9520c89a658c04d0e9b1c6f52da168ad767cf8db4c663f5122d1de52cb154f,2025-08-11T14:43:40,UNKNOWN,UNKNOWN,UNKNOWN,UNKNOWN,UNKNOWN,UNKNOWN,UNKNOWN,内部可用,YES,DONE,
SRC-16D7611299,智加X100和智元Z1问题.docx,智加X100和智元Z1问题.docx,.docx,219728,1eb3abd8aa22fd3b162e6388284ec7d9aef37ed99b57e0435b20482d4a003d40,2025-08-01T09:02:00,UNKNOWN,UNKNOWN,UNKNOWN,UNKNOWN,UNKNOWN,UNKNOWN,UNKNOWN,内部可用,YES,DONE,
SRC-7ABA176185,智加X100测试覆盖性分析及检查报告-0805.docx,智加X100测试覆盖性分析及检查报告-0805.docx,.docx,45471,e2d6734044d0bf00dd7c8b0b71f9082a9d249cdbdfccb36ea981c057cf146cb5,2025-08-05T23:16:48,UNKNOWN,UNKNOWN,UNKNOWN,UNKNOWN,UNKNOWN,UNKNOWN,UNKNOWN,内部可用,YES,DONE,
SRC-83765A0E9F,智加X100老炼测试结果.docx,智加X100老炼测试结果.docx,.docx,31805530,1b9d00c8a91f509cbd42e6cdf649591a3eaedf0378b71f432e70d96c5b135ecc,2025-09-02T10:31:12,UNKNOWN,UNKNOWN,UNKNOWN,UNKNOWN,UNKNOWN,UNKNOWN,UNKNOWN,内部可用,YES,DONE,
SRC-7A10397C1D,智加X100返修后上星测试情况和处理建议-上会版.docx,智加X100返修后上星测试情况和处理建议-上会版.docx,.docx,1381868,35a85f1fa9a225ade9c305d835ac5263f7589cac1d7d28114726db2c4d0f2fbf,2025-08-11T14:43:10,UNKNOWN,UNKNOWN,UNKNOWN,UNKNOWN,UNKNOWN,UNKNOWN,UNKNOWN,内部可用,YES,DONE,
SRC-D669ED4FD3,智加X100（硬件）验收测试记录表.pdf,智加X100（硬件）验收测试记录表.pdf,.pdf,1903571,02698936e3813b7e7f05fa74d3326478b1f6bb80a255ebce4afacbb2437d3fe0,2025-06-25T17:26:48,UNKNOWN,UNKNOWN,UNKNOWN,UNKNOWN,UNKNOWN,UNKNOWN,UNKNOWN,内部可用,YES,DONE,
SRC-CC444CE4CE,01_3D打印卫星_智加X100计算模块交付清单_20250124.xlsx,智算机3D打印星验收外发国星文件/01_3D打印卫星_智加X100计算模块交付清单_20250124.xlsx,.xlsx,8858,b086a4eb3c7cbb6157d22c630f9b9b9a3815a6a62f12d32bb2b4b4bb1f746a94,2025-01-25T10:25:50,UNKNOWN,UNKNOWN,UNKNOWN,UNKNOWN,UNKNOWN,UNKNOWN,UNKNOWN,内部可用,YES,DONE,
SRC-A523337B93,3D打印卫星计算载荷-智加X100计算模块 IDS表_20240924_签署.docx,智算机3D打印星验收外发国星文件/3D打印卫星计算载荷-智加X100计算模块 IDS表_20240924_签署.docx,.docx,1780173,31cae9edde9d1486bcc44b16630519da3e3f586a1efa8a299c406e98e5704f7f,2025-01-21T11:05:38,UNKNOWN,UNKNOWN,UNKNOWN,UNKNOWN,UNKNOWN,UNKNOWN,UNKNOWN,内部可用,YES,DONE,
SRC-A59DE345B5,3D打印卫星计算载荷-智加X100计算模块配套电源模块 IDS表_20240924_签署.docx,智算机3D打印星验收外发国星文件/3D打印卫星计算载荷-智加X100计算模块配套电源模块 IDS表_20240924_签署.docx,.docx,1429099,62feebcc21ecfbd40f5ec09d2b84bbad34ce6d40113ae4cc90da5f1c4351a987,2025-01-21T11:05:40,UNKNOWN,UNKNOWN,UNKNOWN,UNKNOWN,UNKNOWN,UNKNOWN,UNKNOWN,内部可用,YES,DONE,
SRC-7A4AEF21A6,3D打印星软件配置项测试记录.docx,智算机3D打印星验收外发国星文件/3D打印星软件配置项测试记录.docx,.docx,360253,7685240f0cb1786c578fb396ca6455d5e633ab680d405c5577454eea53469366,2025-01-26T10:47:34,UNKNOWN,UNKNOWN,UNKNOWN,UNKNOWN,UNKNOWN,UNKNOWN,UNKNOWN,内部可用,YES,DONE,
SRC-ED22CEC159,X100正样验收结论签字单.docx,智算机3D打印星验收外发国星文件/X100正样验收结论签字单.docx,.docx,24334,499eb43078c576e55972818b61016f0e17e4d40e092b9dfe88c62a45b578bb8e,2025-01-26T11:34:28,UNKNOWN,UNKNOWN,UNKNOWN,UNKNOWN,UNKNOWN,UNKNOWN,UNKNOWN,内部可用,YES,DONE,
SRC-490E1F8692,智加X100计算模块_验收级环境试验大纲_20250120_终稿.docx,智算机3D打印星验收外发国星文件/智加X100计算模块_验收级环境试验大纲_20250120_终稿.docx,.docx,749173,94b2eb1c9adf4bbacc9b1f061e0d67941c9e59d66530e6f722fb487e3b6a029a,2025-01-21T11:05:44,UNKNOWN,UNKNOWN,UNKNOWN,UNKNOWN,UNKNOWN,UNKNOWN,UNKNOWN,内部可用,YES,DONE,
SRC-76DF8D1E32,智加X100计算模块_验收级环境试验报告_20250120_终稿.docx,智算机3D打印星验收外发国星文件/智加X100计算模块_验收级环境试验报告_20250120_终稿.docx,.docx,26440272,a04ba3aa3209ca60ce7b465308f359c9f898473eba045d578ac9eafc5d8db663,2025-01-21T11:05:42,UNKNOWN,UNKNOWN,UNKNOWN,UNKNOWN,UNKNOWN,UNKNOWN,UNKNOWN,内部可用,YES,DONE,
SRC-52138C42EC,智加X100计算模块单机(硬件)验收测试细则_20250120_终稿.docx,智算机3D打印星验收外发国星文件/智加X100计算模块单机(硬件)验收测试细则_20250120_终稿.docx,.docx,707497,c65d93c376d967f7dfddbcfa1258488fa03a7d811a3d6c882268d9c57cfea07f,2025-01-21T11:05:46,UNKNOWN,UNKNOWN,UNKNOWN,UNKNOWN,UNKNOWN,UNKNOWN,UNKNOWN,内部可用,YES,DONE,
SRC-8571017BC5,智加X100（硬件）验收测试记录表.pdf,智算机3D打印星验收外发国星文件/智加X100（硬件）验收测试记录表.pdf,.pdf,1903571,22035248b9a95d827487ad782ef03a1253b5c27b0b5513da62e3eb3b27794f99,2025-01-26T11:22:54,UNKNOWN,UNKNOWN,UNKNOWN,UNKNOWN,UNKNOWN,UNKNOWN,UNKNOWN,内部可用,YES,DONE,
SRC-F3DEEF3060,温度测试环境和系统咨询.docx,温度测试环境和系统咨询.docx,.docx,39772,e4ed5c32923973be90f4c93a3a922e4aa338584b526b463da400f13fbd2ef9d5,2025-07-29T16:57:08,UNKNOWN,UNKNOWN,UNKNOWN,UNKNOWN,UNKNOWN,UNKNOWN,UNKNOWN,内部可用,YES,DONE,
SRC-CD675E4634,程控时间表8.28.xlsx,程控时间表8.28.xlsx,.xlsx,227593,f762d3a0ceae0ccad51088588ea23daea4392b5072286acf8386c7675f1f9e26,2025-08-28T22:48:54,UNKNOWN,UNKNOWN,UNKNOWN,UNKNOWN,UNKNOWN,UNKNOWN,UNKNOWN,内部可用,YES,DONE,
SRC-7878EEE3F2,程控时间表8.31.xlsx,程控时间表8.31.xlsx,.xlsx,227500,4735952ddabea2af7f6ecff4396062f9b9b6b9140ec87e4e45b5c76bd547f9a6,2025-08-31T11:03:40,UNKNOWN,UNKNOWN,UNKNOWN,UNKNOWN,UNKNOWN,UNKNOWN,UNKNOWN,内部可用,YES,DONE,
SRC-FEBF4D788B,程控时间表9.1.xlsx,程控时间表9.1.xlsx,.xlsx,227716,051a639d18fd69f258879aaf7e8841d79dc16d8fb1daaf3459b5c0705de954d0,2025-09-01T10:39:52,UNKNOWN,UNKNOWN,UNKNOWN,UNKNOWN,UNKNOWN,UNKNOWN,UNKNOWN,内部可用,YES,DONE,
SRC-797371ABE3,程控时间表9.2.xlsx,程控时间表9.2.xlsx,.xlsx,227756,2d40f0e08156030564b7cbb794d791146dff332c10aa14f5940e1b2f6932db35,2025-09-02T09:22:18,UNKNOWN,UNKNOWN,UNKNOWN,UNKNOWN,UNKNOWN,UNKNOWN,UNKNOWN,内部可用,YES,DONE,
